date,mmm yy,week no,day  type,day_name
01-05-2022,May-22,19,5,weekday
02-05-2022,May-22,19,5,weekday
03-05-2022,May-22,19,5,weekday
04-05-2022,May-22,19,5,weekday
05-05-2022,May-22,19,5,weekday
06-05-2022,May-22,19,5,weekday
07-05-2022,May-22,19,5,weekday
08-05-2022,May-22,20,6,weekoff
09-05-2022,May-22,20,6,weekoff
10-05-2022,May-22,20,6,weekoff
11-05-2022,May-22,20,6,weekoff
12-05-2022,May-22,20,6,weekoff
13-05-2022,May-22,20,6,weekoff
14-05-2022,May-22,20,6,weekoff
15-05-2022,May-22,21,7,weekoff
16-05-2022,May-22,21,7,weekoff
17-05-2022,May-22,21,7,weekoff
18-05-2022,May-22,21,7,weekoff
19-05-2022,May-22,21,7,weekoff
20-05-2022,May-22,21,7,weekoff
21-05-2022,May-22,21,7,weekoff
22-05-2022,May-22,22,1,weekday
23-05-2022,May-22,22,1,weekday
24-05-2022,May-22,22,1,weekday
25-05-2022,May-22,22,1,weekday
26-05-2022,May-22,22,1,weekday
27-05-2022,May-22,22,1,weekday
28-05-2022,May-22,22,1,weekday
29-05-2022,May-22,23,2,weekday
30-05-2022,May-22,23,2,weekday
31-05-2022,May-22,23,2,weekday
01-06-2022,Jun-22,23,2,weekday
02-06-2022,Jun-22,23,2,weekday
03-06-2022,Jun-22,23,2,weekday
04-06-2022,Jun-22,23,2,weekday
05-06-2022,Jun-22,24,3,weekday
06-06-2022,Jun-22,24,3,weekday
07-06-2022,Jun-22,24,3,weekday
08-06-2022,Jun-22,24,3,weekday
09-06-2022,Jun-22,24,3,weekday
10-06-2022,Jun-22,24,3,weekday
11-06-2022,Jun-22,24,3,weekday
12-06-2022,Jun-22,25,4,weekday
13-06-2022,Jun-22,25,4,weekday
14-06-2022,Jun-22,25,4,weekday
15-06-2022,Jun-22,25,4,weekday
16-06-2022,Jun-22,25,4,weekday
17-06-2022,Jun-22,25,4,weekday
18-06-2022,Jun-22,25,4,weekday
19-06-2022,Jun-22,26,5,weekday
20-06-2022,Jun-22,26,5,weekday
21-06-2022,Jun-22,26,5,weekday
22-06-2022,Jun-22,26,5,weekday
23-06-2022,Jun-22,26,5,weekday
24-06-2022,Jun-22,26,5,weekday
25-06-2022,Jun-22,26,5,weekday
26-06-2022,Jun-22,27,6,weekoff
27-06-2022,Jun-22,27,6,weekoff
28-06-2022,Jun-22,27,6,weekoff
29-06-2022,Jun-22,27,6,weekoff
30-06-2022,Jun-22,27,6,weekoff
01-07-2022,Jul-22,27,6,weekoff
02-07-2022,Jul-22,27,6,weekoff
03-07-2022,Jul-22,28,7,weekoff
04-07-2022,Jul-22,28,7,weekoff
05-07-2022,Jul-22,28,7,weekoff
06-07-2022,Jul-22,28,7,weekoff
07-07-2022,Jul-22,28,7,weekoff
08-07-2022,Jul-22,28,7,weekoff
09-07-2022,Jul-22,28,7,weekoff
10-07-2022,Jul-22,29,1,weekday
11-07-2022,Jul-22,29,1,weekday
12-07-2022,Jul-22,29,1,weekday
13-07-2022,Jul-22,29,1,weekday
14-07-2022,Jul-22,29,1,weekday
15-07-2022,Jul-22,29,1,weekday
16-07-2022,Jul-22,29,1,weekday
17-07-2022,Jul-22,30,2,weekday
18-07-2022,Jul-22,30,2,weekday
19-07-2022,Jul-22,30,2,weekday
20-07-2022,Jul-22,30,2,weekday
21-07-2022,Jul-22,30,2,weekday
22-07-2022,Jul-22,30,2,weekday
23-07-2022,Jul-22,30,2,weekday
24-07-2022,Jul-22,31,3,weekday
25-07-2022,Jul-22,31,3,weekday
26-07-2022,Jul-22,31,3,weekday
27-07-2022,Jul-22,31,3,weekday
28-07-2022,Jul-22,31,3,weekday
29-07-2022,Jul-22,31,3,weekday
30-07-2022,Jul-22,31,3,weekday
31-07-2022,Jul-22,32,4,weekday
